7	ndp
22	lib
45	ndp
59	lib
63	ndp
77	ndp
91	lib
93	cons
132	cons
139	lib
145	green
164	cons
168	lib
170	lib
175	cons
181	dont
182	green
183	cons
214	green
219	cons
222	lib
230	ndp
233	other
235	lib
246	cons
260	cons
266	bloc
284	cons
290	ndp
298	cons
301	lib
308	lib
328	dont
329	cons
338	cons
346	lib
354	lib
356	lib
361	ndp
365	green
369	cons
394	ndp
395	lib
412	green
430	ndp
446	dont
466	cons
484	lib
498	cons
509	lib
525	lib
526	ndp
533	bloc
546	dont
555	lib
556	cons
568	green
578	cons
585	cons
601	bloc
618	lib
630	ppl
634	lib
635	lib
642	green
643	dont
667	cons
675	lib
685	lib
694	cons
713	ndp
721	bloc
724	lib
742	lib
744	cons
751	lib
763	cons
774	dont
782	cons
783	bloc
785	bloc
789	green
793	bloc
801	lib
804	cons
807	lib
821	ppl
833	cons
849	lib
850	dont
873	lib
885	lib
902	cons
913	cons
919	lib
927	cons
929	lib
932	lib
943	lib
949	cons
957	bloc
988	lib
1003	ndp
1004	lib
1010	cons
1012	lib
1019	ppl
1023	bloc
1024	green
1026	dont
1040	lib
1060	dont
1082	lib
1087	dont
1092	bloc
1106	lib
1108	lib
1126	cons
1144	cons
1155	lib
1163	lib
1169	lib
1170	ndp
1194	dont
1197	ndp
1199	lib
1211	lib
1219	dont
1229	ndp
1230	dont
1247	cons
1259	ndp
1268	cons
1289	lib
1300	cons
1310	green
1316	lib
1331	dont
1333	green
1336	lib
1355	cons
1364	cons
1372	cons
1378	green
1398	cons
1403	cons
1413	cons
1431	dont
1439	ndp
1444	lib
1481	green
1494	ndp
1500	green
1502	cons
1506	cons
1513	cons
1514	bloc
1535	dont
1539	dont
1562	cons
1573	bloc
1601	cons
1616	lib
1623	lib
1642	ndp
1643	ndp
1648	lib
1662	cons
1663	cons
1682	ndp
1695	lib
1714	lib
1731	cons
1737	lib
1745	lib
1746	lib
1756	cons
1777	ndp
1779	cons
1783	lib
1789	cons
1796	lib
1810	dont
1823	lib
1826	dont
1833	dont
1848	lib
1850	dont
1854	bloc
1855	cons
1888	ndp
1894	dont
1898	cons
1900	cons
1902	lib
1912	lib
1914	cons
1934	dont
1939	cons
1944	cons
1946	green
1954	cons
1969	lib
1970	cons
1980	cons
1981	lib
1986	lib
2040	bloc
2042	dont
2060	lib
2088	cons
2100	cons
2108	cons
2116	lib
2118	cons
2138	cons
2139	lib
2166	lib
2171	lib
2175	ndp
2178	lib
2180	lib
2184	cons
2190	cons
2194	lib
2221	lib
2228	lib
2230	cons
2237	ndp
2245	dont
2263	lib
2280	green
2281	lib
2300	cons
2305	lib
2307	cons
2313	lib
2331	lib
2338	cons
2341	cons
2349	lib
2358	dont
2369	ndp
2374	dont
2392	cons
2399	dont
2411	cons
2421	dont
2427	cons
2431	lib
2454	lib
2456	cons
2457	lib
2460	ndp
2465	cons
2474	cons
2477	lib
2478	cons
2491	cons
2524	lib
2532	dont
2553	cons
2557	lib
2571	cons
2572	lib
2580	lib
2588	lib
2594	cons
2617	lib
2636	green
2643	ndp
2658	lib
2672	lib
2677	lib
2681	cons
2687	dont
2690	lib
2697	cons
2704	ndp
2706	dont
2711	ndp
2737	lib
2747	dont
2749	cons
2752	cons
2805	cons
2808	lib
2811	lib
2828	cons
2858	ndp
2859	lib
2869	lib
2881	cons
2898	lib
2911	dont
2918	green
2931	lib
2933	cons
2968	lib
2983	cons
2986	cons
3004	lib
3009	lib
3022	cons
3038	cons
3041	lib
3044	cons
3057	lib
3062	lib
3065	cons
3078	lib
3088	cons
3099	cons
3122	cons
3123	ndp
3128	lib
3129	lib
3141	cons
3147	lib
3153	cons
3155	ndp
3165	green
3174	lib
3179	lib
3186	lib
3190	dont
3191	ndp
3215	dont
3222	lib
3236	cons
3263	cons
3264	bloc
3304	lib
3349	cons
3381	cons
3383	lib
3391	ndp
3395	ndp
3403	lib
3404	lib
3411	lib
3412	ndp
3442	dont
3456	dont
3458	cons
3460	lib
3494	dont
3502	lib
3542	dont
3550	ndp
3551	lib
3554	cons
3557	lib
3583	lib
3585	green
3596	lib
3600	cons
3609	lib
3617	ndp
3635	dont
3645	green
3650	lib
3660	lib
3679	lib
3693	cons
3705	cons
3721	ndp
3727	dont
3739	cons
3741	dont
3742	lib
3748	lib
3752	bloc
3772	cons
3780	cons
3784	lib
3794	cons
3799	ndp
3837	bloc
3847	lib
3851	dont
3852	lib
3861	ndp
3887	cons
3896	lib
3903	lib
3907	ndp
3916	green
3919	dont
3929	lib
3932	lib
3938	lib
3939	cons
3950	cons
3964	lib
3966	cons
3971	cons
3978	dont
3982	cons
3998	cons
4012	cons
4038	lib
4086	lib
4099	cons
4100	green
4107	cons
4109	lib
4111	cons
4121	lib
4138	lib
4157	ndp
4163	green
4186	cons
4188	dont
4204	lib
4252	cons
4272	green
4282	dont
4297	cons
4302	dont
4311	cons
4326	lib
4335	cons
4374	lib
4408	lib
4416	lib
4439	lib
4445	lib
4462	lib
4468	dont
4488	lib
4493	ndp
4524	cons
4527	cons
4529	cons
4536	bloc
4545	cons
4557	lib
4558	dont
4559	cons
4560	cons
4563	cons
4592	cons
4596	ppl
4597	lib
4609	dont
4618	lib
4621	lib
4627	cons
4635	lib
4645	cons
4667	ndp
4689	green
4702	cons
4727	cons
4731	dont
4732	cons
4758	dont
4760	cons
4768	green
4775	dont
4793	dont
4795	ndp
4834	lib
4840	lib
4843	ndp
4859	cons
4887	lib
4893	ndp
4894	cons
4909	lib
4910	ndp
4914	ndp
4917	cons
4918	lib
4923	lib
4924	cons
4934	cons
4939	ndp
4968	ppl
4975	lib
4987	cons
4998	lib
5001	lib
5004	cons
5005	lib
5006	cons
5012	bloc
5019	ndp
5029	lib
5035	cons
5037	dont
5080	green
5102	dont
5107	ndp
5130	dont
5139	cons
5144	cons
5147	lib
5159	cons
5160	cons
5164	cons
5174	cons
5192	lib
5193	cons
5202	cons
5203	cons
5211	ndp
5215	cons
5241	dont
5250	lib
5257	dont
5261	lib
5279	ndp
5287	dont
5308	lib
5315	cons
5329	lib
5336	dont
5345	ndp
5347	dont
5351	cons
5360	lib
5372	dont
5375	dont
5389	cons
5398	lib
5403	cons
5405	ndp
5408	cons
5421	green
5423	lib
5435	lib
5453	lib
5457	cons
5472	cons
5475	lib
5481	dont
5486	bloc
5489	cons
5494	dont
5509	dont
5518	dont
5521	ndp
5535	lib
5539	dont
5552	ndp
5565	dont
5597	dont
5610	ppl
5624	lib
5629	dont
5636	cons
5639	cons
5642	green
5654	lib
5674	lib
5685	green
5692	ndp
5698	cons
5705	lib
5709	lib
5711	lib
5748	lib
5766	bloc
5772	ndp
5779	lib
5792	lib
5800	lib
5810	ndp
5812	cons
5828	lib
5836	ndp
5837	lib
5860	cons
5864	dont
5898	ppl
5913	cons
5914	dont
5915	green
5917	lib
5934	cons
5945	cons
5955	cons
5961	dont
5967	dont
5971	ndp
5975	ndp
5983	bloc
5987	green
6001	dont
6034	lib
6035	cons
6036	lib
6041	dont
6044	bloc
6045	cons
6046	cons
6065	dont
6077	dont
6078	ndp
6080	lib
6088	lib
6104	cons
6112	ndp
6116	lib
6142	cons
6151	dont
6161	ppl
6190	ndp
6191	lib
6228	lib
6235	ndp
6242	lib
6253	lib
6257	lib
6265	ndp
6268	lib
6274	lib
6309	dont
6314	lib
6336	cons
6339	cons
6389	cons
6392	lib
6400	green
6401	cons
6407	cons
6417	green
6442	cons
6445	ndp
6454	cons
6468	dont
6469	lib
6472	ndp
6476	dont
6487	cons
6494	ndp
6495	dont
6501	lib
6522	lib
6528	cons
6532	lib
6535	ndp
6555	cons
6559	dont
6575	ndp
6587	lib
6589	dont
6598	ndp
6612	ndp
6627	cons
6639	cons
6644	dont
6648	dont
6649	cons
6653	lib
6710	dont
6714	lib
6733	dont
6734	dont
6745	dont
6762	dont
6790	lib
6794	lib
6815	dont
6826	cons
6830	ppl
6858	cons
6867	green
6880	cons
6889	ndp
6896	cons
6897	lib
6900	lib
6921	cons
6923	cons
6925	cons
6934	lib
6941	dont
6944	cons
6983	dont
6995	bloc
7003	dont
7005	cons
7007	dont
7017	bloc
7026	lib
7032	lib
7057	lib
7063	dont
7067	cons
7080	dont
7081	green
7119	lib
7129	ndp
7160	cons
7184	ndp
7193	ndp
7199	cons
7200	dont
7243	lib
7253	dont
7271	lib
7290	lib
7322	lib
7329	lib
7351	ndp
7354	green
7360	cons
7372	bloc
7385	ndp
7392	lib
7415	lib
7425	ndp
7427	ppl
7450	green
7451	ndp
7453	cons
7460	ndp
7462	ndp
7467	lib
7471	green
7483	cons
7485	green
7489	green
7495	dont
7504	cons
7505	dont
7507	lib
7511	ndp
7530	dont
7540	ndp
7544	lib
7547	dont
7562	ndp
7563	cons
7566	ndp
7570	lib
7578	lib
7593	cons
7594	cons
7598	lib
7602	ndp
7606	green
7611	ndp
7618	green
7620	dont
7623	lib
7631	cons
7633	lib
7636	lib
7643	cons
7697	lib
7708	cons
7721	lib
7733	lib
7734	ndp
7737	dont
7749	lib
7759	ndp
7765	ndp
7771	lib
7772	lib
7781	cons
7784	cons
7786	ndp
7788	cons
7801	cons
7806	lib
7837	lib
7838	ndp
7842	lib
7861	lib
7873	lib
7876	cons
7883	cons
7894	cons
7914	lib
7928	cons
7929	cons
7936	lib
7969	dont
7970	lib
7984	ndp
7992	cons
7997	ndp
7999	cons
8014	cons
8019	green
8038	cons
8041	cons
8070	dont
8079	lib
8080	lib
8092	ndp
8096	cons
8103	cons
8108	dont
8118	cons
8130	bloc
8138	dont
8154	dont
8156	dont
8174	ndp
8187	ndp
8203	lib
8206	dont
8214	lib
8230	cons
8264	green
8274	cons
8282	dont
8290	lib
8299	cons
8320	cons
8322	cons
8326	lib
8328	lib
8331	cons
8338	lib
8339	ndp
8341	dont
8343	lib
8354	cons
8374	green
8390	green
8397	ndp
8415	cons
8436	ndp
8438	lib
8443	cons
8451	bloc
8458	cons
8462	green
8476	dont
8487	lib
8499	green
8511	cons
8517	cons
8518	dont
8525	cons
8535	cons
8539	lib
8541	dont
8552	ndp
8553	cons
8559	cons
8560	ndp
8563	lib
8585	lib
8621	dont
8629	dont
8646	lib
8648	green
8650	cons
8668	dont
8674	cons
8675	lib
8684	cons
8693	cons
8696	lib
8699	cons
8723	lib
8724	cons
8728	cons
8741	bloc
8754	bloc
8755	ndp
8771	dont
8780	lib
8783	green
8785	green
8786	cons
8791	lib
8798	cons
8805	ppl
8807	lib
8810	lib
8819	cons
8823	lib
8839	green
8854	lib
8856	cons
8857	cons
8860	cons
8868	green
8870	dont
8871	lib
8875	dont
8876	cons
8897	green
8899	cons
8901	cons
8902	ndp
8906	cons
8943	green
8973	dont
8977	ppl
8988	dont
8998	ndp
9003	cons
9018	ndp
9020	lib
9042	lib
9046	cons
9054	ndp
9071	lib
9076	dont
9100	lib
9111	dont
9112	ndp
9114	ndp
9115	dont
9126	lib
9137	ndp
9152	cons
9153	dont
9164	lib
9173	cons
9227	cons
9229	dont
9231	lib
9232	cons
9259	lib
9275	dont
9279	dont
9282	bloc
9294	cons
9301	cons
9325	green
9329	lib
9332	lib
9338	green
9340	dont
9347	lib
9349	dont
9358	lib
9363	lib
9364	cons
9368	dont
9376	ndp
9387	cons
9407	lib
9415	cons
9429	ndp
9433	cons
9447	lib
9449	cons
9450	lib
9454	dont
9455	lib
9462	lib
9498	dont
9500	lib
9501	dont
9521	ndp
9528	lib
9544	cons
9552	lib
9559	lib
9564	lib
9586	cons
9599	lib
9609	cons
9613	cons
9615	green
9634	dont
9646	lib
9651	cons
9655	green
9683	green
9688	cons
9700	ndp
9719	cons
9721	green
9725	cons
9729	cons
9732	cons
9741	lib
9749	lib
9761	cons
9769	bloc
9771	dont
9780	green
9787	cons
9803	green
9806	ndp
9828	cons
9840	lib
9856	ndp
9879	cons
9880	green
9886	cons
9888	lib
9931	ndp
9946	dont
9952	cons
9963	cons
9991	dont
10010	cons
10023	lib
10041	dont
10043	dont
10046	lib
10047	dont
10049	bloc
10054	ndp
10058	lib
10079	cons
10089	ppl
10093	lib
10106	lib
10117	cons
10124	lib
10128	green
10132	bloc
10152	cons
10164	ndp
10170	lib
10195	cons
10199	lib
10201	dont
10204	green
10205	ndp
10222	lib
10224	lib
10227	cons
10247	green
10260	ndp
10276	lib
10279	ndp
10291	lib
10293	ndp
10294	lib
10319	lib
10324	lib
10326	dont
10345	lib
10362	cons
10378	lib
10380	lib
10389	green
10392	green
10411	lib
10416	green
10417	cons
10421	cons
10434	ndp
10447	ndp
10472	lib
10494	dont
10507	lib
10508	green
10527	lib
10531	dont
10534	ndp
10537	cons
10550	cons
10553	cons
10558	ndp
10574	green
10576	cons
10579	lib
10608	lib
10615	lib
10623	lib
10626	green
10633	dont
10637	lib
10647	ndp
10695	lib
10700	lib
10704	cons
10712	dont
10720	ppl
10721	cons
10724	ndp
10730	cons
10733	cons
10734	dont
10744	lib
10748	dont
10765	lib
10790	lib
10791	green
10792	lib
10796	lib
10813	cons
10818	lib
10833	cons
10834	ndp
10850	bloc
10861	ndp
10873	cons
10891	cons
10893	dont
10906	cons
10914	cons
10916	cons
10921	dont
10929	cons
10960	lib
10973	dont
10989	lib
10990	lib
10991	lib
11049	green
11055	lib
11073	ppl
11086	green
11093	green
11113	dont
11116	lib
11125	green
11127	lib
11128	dont
11131	cons
11141	ndp
11143	dont
11159	cons
11182	dont
11192	lib
11194	lib
11195	lib
11202	dont
11206	dont
11216	cons
11220	bloc
11229	lib
11235	lib
11238	lib
11240	dont
11246	lib
11249	dont
11272	lib
11276	lib
11294	dont
11296	lib
11315	dont
11345	dont
11370	cons
11378	lib
11387	cons
11392	dont
11398	cons
11403	dont
11456	green
11459	lib
11462	lib
11470	dont
11471	cons
11489	lib
11503	green
11536	ndp
11549	lib
11572	cons
11614	ndp
11622	green
11625	cons
11629	ndp
11634	ndp
11638	lib
11652	green
11676	green
11689	lib
11724	lib
11734	lib
11739	dont
11742	lib
11752	lib
11763	lib
11767	lib
11790	cons
11791	ndp
11793	bloc
11809	lib
11820	dont
11824	lib
11833	cons
11841	dont
11850	lib
11866	dont
11869	lib
11872	cons
11886	dont
11892	lib
11905	cons
11908	cons
11923	dont
11932	cons
11960	lib
11964	lib
11969	lib
11971	cons
11979	lib
12010	lib
12013	cons
12018	cons
12065	lib
12078	dont
12106	lib
12111	ndp
12114	dont
12123	cons
12130	dont
12144	ndp
12155	ndp
12157	lib
12161	bloc
12166	ndp
12190	lib
12192	lib
12193	ndp
12203	cons
12207	ndp
12208	lib
12209	ndp
12226	dont
12253	lib
12254	cons
12262	dont
12263	cons
12278	cons
12284	green
12296	cons
12299	cons
12315	cons
12318	cons
12338	cons
12347	ndp
12357	cons
12358	ndp
12359	bloc
12365	cons
12379	lib
12395	dont
12405	lib
12408	cons
12414	dont
12425	cons
12437	cons
12439	cons
12456	dont
12472	cons
12484	lib
12511	cons
12515	lib
12516	ndp
12519	green
12522	cons
12529	ndp
12531	lib
12545	ndp
12557	dont
12559	lib
12560	cons
12573	cons
12593	lib
12596	cons
12598	cons
12607	lib
12621	dont
12629	lib
12634	cons
12636	ndp
12645	bloc
12680	cons
12691	lib
12696	cons
12712	bloc
12721	bloc
12724	lib
12728	green
12737	lib
12748	ndp
12750	dont
12772	ndp
12793	lib
12799	lib
12816	cons
12822	dont
12827	cons
12837	cons
12841	lib
12846	dont
12870	cons
12876	cons
12897	lib
12903	cons
12907	green
12924	lib
12929	bloc
12935	bloc
12944	dont
12951	cons
12964	bloc
12979	dont
12985	bloc
12994	lib
12999	cons
13002	ndp
13003	cons
13023	dont
13025	lib
13042	ndp
13044	cons
13046	dont
13049	dont
13054	lib
13064	cons
13066	lib
13074	cons
13076	lib
13123	lib
13127	cons
13134	ndp
13145	cons
13151	lib
13152	lib
13161	bloc
13162	lib
13167	bloc
13183	green
13187	lib
13205	bloc
13206	lib
13217	cons
13226	dont
13227	lib
13228	lib
13230	lib
13231	ndp
13290	bloc
13294	lib
13295	lib
13298	lib
13300	lib
13302	ndp
13324	dont
13355	bloc
13360	lib
13361	ndp
13368	dont
13383	cons
13392	dont
13417	dont
13421	cons
13435	bloc
13436	ndp
13452	lib
13454	cons
13520	green
13527	dont
13535	ndp
13545	ndp
13574	lib
13584	green
13588	lib
13595	dont
13610	green
13616	lib
13620	ndp
13623	cons
13636	ndp
13648	green
13653	lib
13678	ndp
13679	cons
13680	lib
13683	cons
13684	cons
13686	cons
13729	ndp
13730	lib
13734	dont
13735	dont
13737	dont
13745	dont
13759	dont
13762	bloc
13770	lib
13783	green
13796	bloc
13804	ndp
13826	cons
13852	ndp
13860	cons
13861	ndp
13864	cons
13872	lib
13882	lib
13888	lib
13903	lib
13913	lib
13922	lib
13923	cons
13932	cons
13936	green
13938	ndp
13943	cons
13947	cons
13956	dont
13959	green
13962	lib
13967	dont
13999	ndp
14010	bloc
14015	lib
14017	dont
14018	dont
14027	cons
14037	dont
14059	dont
14101	ndp
14103	lib
14123	cons
14125	dont
14138	cons
14141	lib
14149	dont
14154	lib
14184	dont
14200	cons
14208	cons
14212	ndp
14216	dont
14222	dont
14226	green
14228	lib
14241	ndp
14251	cons
14254	dont
14255	lib
14270	dont
14287	cons
14289	lib
14293	lib
14298	cons
14311	cons
14339	dont
14345	cons
14359	dont
14362	ndp
14383	cons
14387	lib
14391	cons
14395	lib
14407	lib
14408	bloc
14411	cons
14413	lib
14417	cons
14418	lib
14438	lib
14452	lib
14465	lib
14469	ndp
14479	green
14494	ndp
14502	cons
14506	ndp
14525	ndp
14536	cons
14537	ndp
14545	dont
14572	lib
14591	lib
14613	green
14616	ndp
14623	ppl
14633	green
14655	cons
14663	ndp
14664	dont
14679	cons
14695	ndp
14705	cons
14713	dont
14722	cons
14747	cons
14773	dont
14778	lib
14793	cons
14821	cons
14842	dont
14849	cons
14853	cons
14855	cons
14859	cons
14862	cons
14867	lib
14868	dont
14869	ndp
14870	lib
14878	green
14879	green
14889	lib
14891	ndp
14920	lib
14928	ndp
14942	bloc
14943	lib
14945	green
14946	bloc
14953	dont
14956	lib
14965	dont
14983	lib
14994	ndp
14997	lib
14999	ndp
15011	cons
15039	cons
15057	ndp
15062	lib
15097	cons
15109	cons
15113	cons
15129	cons
15134	lib
15146	cons
15169	lib
15175	lib
15187	cons
15193	lib
15202	cons
15206	dont
15207	lib
15225	cons
15262	dont
15276	cons
15295	lib
15301	lib
15308	lib
15312	cons
15315	lib
15317	lib
15322	lib
15344	dont
15348	dont
15365	lib
15382	cons
15387	lib
15406	cons
15424	lib
15431	cons
15438	green
15440	cons
15466	ndp
15493	green
15497	dont
15525	cons
15534	cons
15536	cons
15569	cons
15570	dont
15595	lib
15607	dont
15609	lib
15612	lib
15616	cons
15618	lib
15623	ndp
15624	dont
15633	bloc
15637	green
15643	dont
15650	lib
15656	cons
15661	cons
15672	lib
15676	bloc
15684	cons
15687	cons
15701	cons
15719	lib
15745	ndp
15812	lib
15817	green
15855	cons
15877	cons
15901	lib
15904	green
15925	lib
15932	lib
15961	lib
15965	lib
15967	lib
15991	lib
15993	green
15998	dont
16005	lib
16007	green
16009	cons
16015	lib
16023	cons
16034	ndp
16062	lib
16083	cons
16086	ndp
16100	lib
16111	lib
16127	lib
16140	green
16149	dont
16160	lib
16170	ndp
16173	dont
16182	dont
16186	ndp
16197	lib
16199	lib
16202	lib
16203	ndp
16210	ppl
16237	dont
16239	cons
16248	lib
16254	cons
16265	lib
16302	lib
16319	cons
16323	dont
16329	lib
16330	cons
16340	lib
16361	cons
16393	lib
16394	cons
16400	ndp
16401	cons
16403	lib
16408	cons
16409	lib
16437	ndp
16439	bloc
16440	green
16448	cons
16451	lib
16459	green
16469	bloc
16476	cons
16478	bloc
16482	lib
16508	cons
16531	lib
16536	ndp
16537	lib
16539	ndp
16540	cons
16557	lib
16558	lib
16563	dont
16579	cons
16583	ndp
16593	cons
16595	lib
16597	ndp
16616	ndp
16617	cons
16646	ndp
16663	lib
16664	lib
16667	dont
16686	bloc
16692	cons
16702	lib
16706	cons
16720	ndp
16735	cons
16737	ndp
16739	lib
16752	lib
16754	dont
16755	green
16759	bloc
16770	lib
16771	lib
16814	cons
16818	bloc
16824	lib
16843	lib
16867	cons
16889	lib
16897	lib
16910	ndp
16917	cons
16925	dont
16948	ppl
16957	cons
16978	dont
16980	lib
17000	lib
17001	cons
17021	cons
17030	cons
17037	green
17049	dont
17075	lib
17078	lib
17089	dont
17101	cons
17148	lib
17164	ppl
17168	ndp
17178	green
17180	dont
17189	cons
17193	cons
17195	green
17220	dont
17223	cons
17225	cons
17235	dont
17259	cons
17266	lib
17267	dont
17281	lib
17295	cons
17302	lib
17312	dont
17328	cons
17331	lib
17352	cons
17378	dont
17389	lib
17399	cons
17400	dont
17408	cons
17414	lib
17433	cons
17437	other
17446	lib
17447	cons
17455	ndp
17460	ndp
17475	dont
17491	cons
17526	lib
17536	green
17545	lib
17581	dont
17587	lib
17588	lib
17623	dont
17625	cons
17634	lib
17645	lib
17648	ndp
17654	cons
17660	cons
17668	cons
17675	dont
17699	dont
17707	green
17717	cons
17720	cons
17723	ndp
17752	cons
17772	lib
17792	cons
17813	dont
17819	dont
17840	cons
17852	ndp
17870	dont
17889	dont
17905	ndp
17919	green
17943	lib
17946	ndp
17958	lib
17966	ndp
17972	dont
17979	bloc
17989	green
18005	cons
18031	ndp
18033	cons
18034	lib
18035	ndp
18045	dont
18056	cons
18062	bloc
18063	cons
18070	lib
18082	cons
18111	cons
18112	lib
18115	lib
18125	cons
18134	lib
18142	dont
18145	cons
18155	cons
18176	dont
18178	lib
18193	dont
18198	lib
18213	ndp
18219	ndp
18232	dont
18241	cons
18245	lib
18254	cons
18257	ndp
18265	dont
18271	cons
18306	lib
18332	lib
18338	lib
18346	ndp
18361	dont
18379	cons
18398	cons
18417	dont
18435	lib
18440	dont
18442	ndp
18460	cons
18476	cons
18481	cons
18482	cons
18487	cons
18512	lib
18513	ndp
18557	cons
18576	lib
18584	lib
18589	cons
18592	lib
18601	lib
18605	cons
18615	green
18618	dont
18636	lib
18640	dont
18659	ndp
18661	ndp
18676	lib
18709	dont
18731	lib
18740	lib
18744	lib
18749	cons
18770	ndp
18774	lib
18775	bloc
18795	lib
18803	dont
18811	green
18814	ndp
18821	ndp
18826	cons
18844	dont
18862	cons
18863	lib
18873	lib
18879	cons
18920	dont
18921	lib
18944	dont
18953	cons
18959	lib
18965	green
18986	lib
18993	lib
19017	green
19026	lib
19027	cons
19051	ndp
19069	lib
19073	dont
19086	cons
19110	ndp
19120	green
19131	lib
19161	green
19166	green
19179	lib
19181	cons
19196	ndp
19201	dont
19202	lib
19225	lib
19234	lib
19235	dont
19241	green
19244	lib
19252	lib
19256	lib
19258	ndp
19269	cons
19289	lib
19296	cons
19298	cons
19304	ppl
19309	lib
19311	cons
19319	lib
19326	dont
19338	cons
19343	lib
19349	lib
19387	ndp
19393	lib
19399	cons
19440	ndp
19455	dont
19488	lib
19490	cons
19495	cons
19496	dont
19511	lib
19524	cons
19528	lib
19553	ndp
19563	dont
19564	lib
19572	green
19583	ndp
19605	lib
19612	cons
19613	ndp
19631	cons
19634	cons
19637	lib
19638	dont
19645	cons
19664	lib
19665	lib
19675	lib
19676	lib
19681	dont
19683	green
19694	cons
19706	dont
19708	bloc
19718	ndp
19723	cons
19753	ndp
19778	cons
19781	lib
19785	dont
19790	bloc
19794	dont
19817	cons
19818	lib
19823	bloc
19826	cons
19856	cons
19875	dont
19880	lib
19909	bloc
19911	dont
19936	lib
19941	green
19958	ndp
19962	cons
19963	cons
19969	cons
19971	cons
19972	ndp
19973	ndp
19975	cons
19987	lib
19990	dont
20006	lib
20015	bloc
20025	lib
20031	dont
20047	green
20071	lib
20073	lib
20083	ndp
20085	ppl
20097	lib
20102	cons
20107	lib
20117	ndp
20123	cons
20125	lib
20127	dont
20134	lib
20150	lib
20151	cons
20152	lib
20157	cons
20162	dont
20167	lib
20169	lib
20172	dont
20178	lib
20192	lib
20195	cons
20202	lib
20205	lib
20211	ndp
20223	cons
20255	green
20270	green
20289	cons
20294	cons
20306	lib
20319	cons
20339	ndp
20343	dont
20369	lib
20377	lib
20383	green
20385	green
20391	dont
20393	ndp
20407	dont
20456	lib
20460	cons
20465	ndp
20470	lib
20472	cons
20491	lib
20493	lib
20506	cons
20529	lib
20530	ndp
20547	ndp
20569	dont
20575	cons
20598	cons
20610	lib
20616	ndp
20624	cons
20631	cons
20647	green
20658	dont
20674	dont
20677	lib
20702	lib
20729	cons
20744	green
20753	dont
20761	green
20764	dont
20773	lib
20781	ndp
20796	dont
20798	dont
20811	cons
20819	cons
20832	lib
20834	lib
20842	cons
20843	cons
20855	bloc
20856	cons
20858	green
20867	cons
20875	ndp
20879	cons
20884	cons
20900	green
20910	lib
20921	bloc
20927	ndp
20952	dont
20965	ndp
20970	cons
20982	ndp
20986	lib
20993	ndp
20997	lib
20999	ppl
21012	lib
21013	dont
21048	ndp
21053	lib
21067	dont
21108	lib
21110	green
21123	lib
21135	dont
21139	lib
21142	bloc
21145	dont
21162	dont
21166	green
21168	cons
21192	lib
21196	ndp
21197	ppl
21199	lib
21202	lib
21207	lib
21224	green
21252	ndp
21270	dont
21271	lib
21272	bloc
21273	dont
21280	cons
21286	lib
21300	ndp
21325	lib
21326	dont
21341	cons
21344	lib
21353	cons
21369	lib
21379	dont
21383	green
21400	green
21403	ndp
21408	cons
21443	cons
21455	bloc
21463	bloc
21496	lib
21501	bloc
21513	ndp
21533	ndp
21536	cons
21543	cons
21551	lib
21553	dont
21554	lib
21562	cons
21566	cons
21573	lib
21589	lib
21590	lib
21597	ndp
21599	dont
21611	lib
21636	cons
21639	dont
21656	dont
21658	ndp
21671	cons
21683	lib
21684	ndp
21689	lib
21703	lib
21718	cons
21724	ndp
21729	lib
21736	dont
21743	ndp
21756	dont
21771	cons
21786	lib
21807	green
21844	lib
21851	dont
21854	ndp
21855	ppl
21860	lib
21892	lib
21895	lib
21969	cons
21974	green
21997	cons
22000	ndp
22009	lib
22018	cons
22029	ppl
22039	lib
22043	lib
22047	green
22049	green
22051	dont
22072	ndp
22083	green
22098	green
22107	dont
22110	green
22122	dont
22124	dont
22142	cons
22143	lib
22147	dont
22153	dont
22158	lib
22165	cons
22172	dont
22199	cons
22205	dont
22222	lib
22228	ndp
22231	cons
22248	dont
22260	lib
22284	cons
22289	ppl
22298	ndp
22301	lib
22310	lib
22314	dont
22317	lib
22327	lib
22329	lib
22345	dont
22384	ndp
22401	dont
22408	dont
22410	cons
22423	cons
22435	lib
22439	dont
22449	cons
22453	lib
22455	cons
22459	lib
22477	green
22489	lib
22499	cons
22511	lib
22520	cons
22536	lib
22577	green
22578	ppl
22583	ndp
22591	green
22600	ndp
22616	green
22621	ndp
22626	dont
22636	cons
22642	cons
22657	dont
22687	lib
22706	lib
22723	ndp
22729	lib
22734	lib
22745	lib
22746	cons
22774	ndp
22777	lib
22788	lib
22818	dont
22837	lib
22841	lib
22878	dont
22895	lib
22921	lib
22927	cons
22934	ndp
22939	lib
22940	ndp
22948	cons
22957	cons
22972	ndp
22982	lib
22998	lib
23002	lib
23015	lib
23044	ndp
23057	ndp
23060	ndp
23065	cons
23071	cons
23102	ndp
23108	lib
23118	ndp
23119	ndp
23136	ndp
23152	cons
23162	ppl
23163	ndp
23167	lib
23172	cons
23219	lib
23223	lib
23239	cons
23246	bloc
23249	cons
23256	dont
23277	lib
23282	lib
23317	lib
23327	cons
23337	lib
23343	cons
23360	bloc
23398	green
23402	lib
23413	green
23414	cons
23427	dont
23440	cons
23444	cons
23445	cons
23452	dont
23453	cons
23469	cons
23489	dont
23490	dont
23508	lib
23509	lib
23511	cons
23520	dont
23523	dont
23528	cons
23537	ndp
23540	cons
23554	cons
23562	ndp
23598	cons
23611	cons
23612	cons
23617	dont
23618	bloc
23642	bloc
23657	ndp
23661	dont
23664	dont
23676	lib
23680	dont
23692	cons
23711	green
23717	ndp
23720	lib
23726	cons
23743	cons
23747	lib
23749	lib
23750	cons
23753	lib
23757	dont
23758	lib
23759	cons
23774	green
23780	cons
23784	cons
23785	cons
23799	lib
23802	cons
23811	dont
23813	lib
23815	bloc
23820	ndp
23829	dont
23834	dont
23836	cons
23845	cons
23863	lib
23873	lib
23885	lib
23893	green
23894	lib
23923	lib
23940	ndp
23943	bloc
23958	lib
23965	ndp
23968	lib
23974	green
23977	dont
23981	ndp
23984	ndp
23990	cons
23996	cons
24008	cons
24012	cons
24019	lib
24039	lib
24044	bloc
24051	ppl
24055	dont
24062	ndp
24069	lib
24070	ndp
24080	cons
24084	ndp
24156	lib
24164	lib
24174	cons
24193	bloc
24215	ndp
24220	lib
24227	dont
24229	cons
24234	lib
24235	cons
24247	cons
24248	lib
24310	cons
24312	lib
24314	cons
24315	lib
24362	cons
24372	cons
24375	cons
24385	dont
24386	lib
24388	green
24392	dont
24399	lib
24403	dont
24406	cons
24438	ndp
24441	lib
24448	lib
24450	lib
24467	ndp
24476	cons
24491	lib
24497	ndp
24505	ndp
24520	bloc
24526	ndp
24528	lib
24542	lib
24579	cons
24587	dont
24588	lib
24596	ndp
24656	lib
24664	ndp
24667	green
24678	cons
24682	bloc
24690	lib
24698	lib
24700	dont
24701	cons
24702	dont
24705	dont
24720	lib
24722	cons
24723	cons
24727	lib
24729	dont
24738	lib
24745	ndp
24750	cons
24751	cons
24753	bloc
24761	cons
24767	cons
24773	ndp
24779	lib
24781	bloc
24794	bloc
24795	lib
24805	dont
24815	bloc
24842	dont
24845	lib
24853	cons
24854	green
24868	dont
24881	green
24886	cons
24910	ndp
24926	cons
24927	ndp
24945	ndp
24948	ndp
24952	green
24961	ndp
24968	cons
24984	green
24988	lib
25002	green
25003	bloc
25011	dont
25016	cons
25027	ndp
25032	lib
25034	bloc
25044	lib
25073	ndp
25077	lib
25080	cons
25083	cons
25094	bloc
25101	cons
25107	green
25110	dont
25119	dont
25129	cons
25143	bloc
25179	cons
25195	lib
25203	lib
25227	dont
25230	cons
25255	ppl
25269	lib
25286	dont
25288	cons
25290	lib
25304	dont
25305	green
25325	dont
25341	cons
25347	lib
25359	cons
25367	cons
25371	lib
25372	dont
25379	ndp
25403	ndp
25412	green
25416	bloc
25425	lib
25430	lib
25441	ndp
25447	lib
25457	lib
25461	cons
25465	lib
25485	cons
25544	lib
25545	cons
25559	dont
25565	ndp
25573	ndp
25583	bloc
25590	dont
25608	cons
25614	dont
25626	dont
25629	lib
25633	lib
25638	cons
25645	lib
25679	cons
25685	ndp
25724	cons
25733	cons
25752	ndp
25765	lib
25788	dont
25827	lib
25837	ndp
25860	green
25883	green
25899	dont
25901	dont
25906	cons
25907	lib
25911	cons
25926	ndp
25934	bloc
25942	cons
25943	cons
25953	cons
25983	lib
25990	cons
26019	ndp
26026	dont
26039	dont
26046	cons
26059	dont
26062	dont
26089	cons
26090	dont
26094	dont
26096	cons
26108	dont
26124	cons
26131	bloc
26134	dont
26137	lib
26164	cons
26180	dont
26197	cons
26208	lib
26213	dont
26218	lib
26225	ndp
26233	cons
26241	bloc
26245	lib
26269	ndp
26285	cons
26312	lib
26322	lib
26341	dont
26350	dont
26351	ndp
26361	dont
26369	lib
26371	ndp
26373	dont
26381	cons
26382	cons
26389	lib
26404	green
26433	dont
26437	lib
26440	ndp
26468	ndp
26479	dont
26484	lib
26487	cons
26490	ndp
26492	ndp
26496	cons
26533	ppl
26534	ndp
26545	lib
26557	lib
26564	dont
26568	cons
26576	cons
26580	ndp
26601	cons
26623	lib
26627	lib
26631	cons
26647	dont
26650	lib
26658	lib
26668	lib
26695	dont
26704	cons
26708	cons
26712	green
26722	cons
26730	lib
26735	lib
26739	cons
26763	lib
26764	ndp
26772	lib
26808	lib
26854	bloc
26870	lib
26883	ndp
26886	cons
26903	lib
26908	cons
26914	lib
26917	lib
26938	lib
26950	lib
26953	cons
26961	lib
26962	lib
26964	ppl
26972	green
27013	ndp
27026	lib
27027	green
27036	ndp
27038	cons
27040	bloc
27069	dont
27089	lib
27091	ndp
27094	cons
27118	ndp
27126	lib
27133	cons
27136	cons
27138	green
27146	lib
27163	green
27168	lib
27177	lib
27238	lib
27255	lib
27268	cons
27269	green
27273	dont
27294	lib
27299	lib
27302	dont
27317	dont
27327	lib
27341	lib
27347	green
27351	ndp
27355	lib
27364	cons
27370	cons
27375	dont
27392	cons
27401	cons
27409	lib
27415	ndp
27424	cons
27446	lib
27448	cons
27452	lib
27459	cons
27467	dont
27496	green
27497	ppl
27510	lib
27534	green
27535	lib
27537	cons
27545	lib
27546	lib
27552	cons
27553	ndp
27577	lib
27592	cons
27600	cons
27602	ndp
27618	green
27632	ndp
27656	green
27669	ndp
27675	green
27677	dont
27681	cons
27685	ndp
27701	ndp
27705	lib
27715	cons
27719	ndp
27722	lib
27737	lib
27738	cons
27742	lib
27747	ndp
27751	cons
27752	ndp
27754	cons
27762	dont
27777	ndp
27789	lib
27802	cons
27811	cons
27829	lib
27851	ndp
27852	ndp
27870	cons
27878	cons
27894	ndp
27902	bloc
27916	lib
27918	green
27928	dont
27929	cons
27946	dont
27951	cons
27960	cons
27964	lib
27985	ndp
27990	ndp
28004	ndp
28010	lib
28025	dont
28076	cons
28082	dont
28088	ndp
28090	ndp
28112	ndp
28113	cons
28122	cons
28128	green
28131	ndp
28171	bloc
28194	lib
28230	dont
28231	cons
28239	lib
28274	cons
28318	bloc
28319	lib
28323	cons
28325	lib
28327	lib
28331	lib
28334	lib
28338	lib
28360	ndp
28366	ppl
28385	ndp
28388	cons
28399	cons
28406	lib
28409	ndp
28419	lib
28434	ndp
28450	dont
28459	ppl
28472	lib
28489	lib
28490	lib
28509	cons
28518	cons
28519	cons
28526	green
28548	dont
28559	ndp
28593	lib
28601	cons
28609	lib
28624	cons
28626	lib
28635	cons
28643	cons
28651	ndp
28655	dont
28665	green
28689	lib
28691	lib
28696	lib
28697	bloc
28698	bloc
28701	dont
28725	cons
28728	bloc
28741	ndp
28771	cons
28777	cons
28787	green
28795	cons
28797	green
28810	cons
28833	dont
28843	ndp
28884	dont
28889	lib
28904	lib
28935	ndp
28959	cons
28964	green
28965	green
28975	green
28987	lib
28996	cons
29001	cons
29002	cons
29007	ppl
29029	cons
29033	ndp
29037	lib
29044	ndp
29050	cons
29068	dont
29069	lib
29078	lib
29086	lib
29098	cons
29107	cons
29114	green
29133	lib
29137	lib
29157	cons
29163	cons
29164	lib
29179	cons
29180	cons
29195	lib
29213	ndp
29214	ndp
29224	lib
29231	dont
29257	bloc
29290	dont
29318	cons
29320	lib
29322	bloc
29323	ndp
29328	lib
29333	lib
29340	cons
29356	dont
29360	lib
29369	cons
29371	dont
29376	ndp
29379	cons
29386	lib
29394	ndp
29395	cons
29422	cons
29430	cons
29447	lib
29474	lib
29482	ndp
29490	dont
29503	cons
29514	dont
29516	lib
29548	lib
29553	ndp
29563	ndp
29573	cons
29580	dont
29582	ndp
29586	dont
29621	dont
29622	lib
29632	bloc
29637	cons
29675	cons
29695	lib
29718	ndp
29735	cons
29749	ndp
29758	lib
29763	lib
29771	lib
29776	lib
29791	lib
29797	lib
29809	lib
29831	lib
29855	cons
29859	green
29876	ndp
29879	ndp
29888	lib
29912	cons
29916	cons
29920	ndp
29923	dont
29926	cons
29935	cons
29941	lib
29974	cons
29979	green
29980	dont
29984	lib
29985	bloc
29993	ndp
30023	lib
30034	lib
30041	green
30077	lib
30090	dont
30102	green
30112	lib
30114	cons
30156	cons
30170	lib
30183	cons
30186	dont
30197	dont
30202	lib
30207	cons
30211	ndp
30214	lib
30228	ndp
30246	lib
30253	cons
30256	dont
30261	lib
30266	ndp
30274	cons
30283	ndp
30301	cons
30308	lib
30313	lib
30316	cons
30317	cons
30323	cons
30328	lib
30334	cons
30378	cons
30379	lib
30383	lib
30385	dont
30390	bloc
30392	ndp
30404	cons
30407	lib
30432	lib
30433	lib
30435	lib
30444	cons
30468	lib
30496	dont
30521	lib
30548	ppl
30556	ndp
30563	ndp
30566	lib
30606	lib
30612	lib
30614	lib
30617	lib
30619	green
30624	cons
30636	dont
30643	cons
30670	ndp
30675	ppl
30678	ndp
30689	lib
30694	ndp
30703	cons
30705	ndp
30719	lib
30726	bloc
30732	bloc
30746	cons
30753	cons
30755	cons
30757	cons
30765	lib
30772	lib
30774	green
30780	cons
30781	lib
30807	ndp
30815	lib
30820	cons
30832	cons
30837	ndp
30849	cons
30850	cons
30868	lib
30871	green
30885	green
30889	lib
30890	cons
30900	ndp
30921	cons
30990	dont
31015	lib
31020	green
31022	green
31024	lib
31032	lib
31052	ndp
31110	dont
31111	lib
31113	cons
31132	cons
31143	green
31146	bloc
31160	cons
31171	dont
31179	cons
31183	bloc
31184	lib
31200	lib
31258	dont
31280	lib
31282	lib
31309	ppl
31311	lib
31343	cons
31348	dont
31367	lib
31376	lib
31403	cons
31411	lib
31451	dont
31455	ndp
31484	ndp
31485	lib
31497	cons
31500	green
31529	lib
31541	dont
31564	dont
31584	ndp
31587	lib
31590	lib
31602	bloc
31622	ndp
31625	lib
31635	bloc
31639	lib
31641	dont
31660	bloc
31666	ndp
31674	ndp
31692	lib
31708	dont
31733	cons
31735	ndp
31748	lib
31767	lib
31768	dont
31785	lib
31788	green
31799	cons
31858	cons
31863	lib
31868	green
31875	lib
31882	ndp
31889	green
31892	dont
31898	ndp
31910	lib
31917	cons
31918	lib
31921	cons
31922	ndp
31937	green
31942	cons
31947	cons
31950	ndp
31961	cons
31967	ndp
31969	ndp
31994	dont
32021	cons
32025	lib
32029	lib
32036	lib
32054	cons
32076	ndp
32086	cons
32090	ndp
32098	cons
32099	lib
32101	ndp
32116	ndp
32131	cons
32137	dont
32138	cons
32142	ndp
32181	lib
32184	cons
32186	green
32208	green
32216	lib
32221	cons
32224	cons
32234	ndp
32237	lib
32266	ndp
32273	cons
32317	ndp
32321	bloc
32331	ppl
32333	ndp
32336	ndp
32348	ndp
32381	lib
32385	cons
32400	ndp
32402	ndp
32403	lib
32404	cons
32417	lib
32418	cons
32435	lib
32479	green
32488	green
32499	lib
32514	dont
32526	ndp
32539	cons
32542	lib
32552	lib
32553	lib
32559	lib
32566	green
32570	lib
32581	ndp
32585	lib
32587	cons
32598	lib
32602	lib
32612	lib
32642	cons
32647	lib
32681	dont
32684	lib
32688	lib
32694	lib
32700	cons
32712	bloc
32714	cons
32715	dont
32732	ndp
32742	ndp
32746	ndp
32771	bloc
32782	ndp
32796	lib
32812	ndp
32828	ndp
32831	bloc
32832	dont
32834	lib
32842	cons
32845	bloc
32852	lib
32855	lib
32874	bloc
32881	cons
32889	cons
32909	cons
32911	ndp
32920	ndp
32927	lib
32935	cons
32950	lib
32959	lib
32964	cons
32967	bloc
32971	dont
32974	ndp
32980	cons
32985	dont
32986	lib
32992	dont
32994	ndp
32998	lib
33005	cons
33006	cons
33010	ppl
33013	lib
33037	cons
33042	cons
33056	dont
33058	ndp
33062	lib
33106	lib
33109	green
33130	dont
33142	cons
33146	cons
33169	bloc
33177	cons
33183	lib
33190	lib
33199	bloc
33223	lib
33229	dont
33237	lib
33241	dont
33244	ndp
33245	lib
33256	bloc
33263	lib
33264	cons
33313	ndp
33314	green
33318	ndp
33330	ndp
33331	lib
33351	ndp
33391	ndp
33398	bloc
33406	lib
33412	lib
33417	dont
33443	ndp
33445	dont
33495	cons
33505	green
33509	cons
33518	lib
33522	dont
33524	bloc
33548	green
33560	dont
33564	lib
33584	lib
33589	ndp
33591	ndp
33598	bloc
33614	dont
33638	bloc
33658	cons
33667	lib
33673	cons
33677	cons
33718	cons
33719	ndp
33739	cons
33745	dont
33756	lib
33776	dont
33779	ndp
33792	ndp
33795	lib
33797	cons
33813	cons
33822	lib
33836	ndp
33839	lib
33846	cons
33869	ndp
33882	lib
33891	lib
33913	cons
33921	lib
33928	ndp
33934	lib
33941	green
33943	cons
33947	lib
33957	ndp
33963	lib
33999	ndp
34023	bloc
34033	ndp
34037	bloc
34068	ndp
34069	ndp
34070	bloc
34074	ndp
34081	ndp
34096	bloc
34103	cons
34113	lib
34126	cons
34128	cons
34145	lib
34146	lib
34158	cons
34166	green
34179	lib
34186	ndp
34187	cons
34195	bloc
34204	dont
34205	cons
34224	lib
34228	cons
34233	cons
34250	ppl
34284	lib
34298	lib
34305	ndp
34316	lib
34331	lib
34335	cons
34340	dont
34342	cons
34347	cons
34375	ppl
34388	lib
34398	lib
34400	cons
34403	dont
34408	cons
34444	lib
34472	ndp
34474	lib
34475	lib
34478	lib
34482	cons
34520	cons
34534	lib
34546	green
34557	ndp
34616	cons
34625	cons
34635	ppl
34638	cons
34646	dont
34651	cons
34663	cons
34680	cons
34695	ndp
34697	ndp
34718	cons
34739	cons
34743	lib
34758	bloc
34766	lib
34776	cons
34785	ndp
34799	lib
34808	ndp
34811	cons
34812	bloc
34819	lib
34842	lib
34853	lib
34863	lib
34867	cons
34882	ndp
34883	ndp
34893	cons
34949	lib
34971	cons
34976	lib
34988	ndp
34995	ndp
35014	cons
35019	green
35022	lib
35028	dont
35031	cons
35035	bloc
35037	lib
35043	cons
35065	lib
35066	lib
35083	dont
35090	lib
35094	dont
35126	dont
35145	bloc
35153	ppl
35158	cons
35164	cons
35166	cons
35176	bloc
35189	dont
35211	ndp
35212	green
35220	dont
35223	cons
35231	cons
35235	lib
35270	cons
35272	ndp
35280	ndp
35283	lib
35294	cons
35296	lib
35318	cons
35329	bloc
35358	lib
35362	ndp
35371	lib
35386	ndp
35404	cons
35410	dont
35416	ppl
35419	cons
35430	bloc
35440	ndp
35467	ndp
35506	cons
35518	cons
35520	cons
35522	bloc
35533	green
35542	cons
35548	cons
35573	dont
35585	dont
35592	dont
35603	lib
35607	bloc
35616	lib
35617	dont
35618	cons
35625	ndp
35631	lib
35643	cons
35645	cons
35649	cons
35650	ndp
35659	cons
35668	lib
35689	cons
35702	ndp
35708	cons
35715	bloc
35730	dont
35742	dont
35743	dont
35757	lib
35766	lib
35773	lib
35809	ndp
35811	lib
35820	bloc
35826	cons
35832	bloc
35840	dont
35848	ndp
35852	cons
35858	ndp
35872	ndp
35885	green
35887	cons
35890	lib
35904	cons
35907	cons
35924	lib
35927	cons
35930	lib
35933	cons
35954	cons
35960	green
35962	lib
35986	cons
35989	lib
36002	lib
36032	dont
36034	cons
36045	cons
36058	cons
36070	lib
36085	dont
36087	lib
36093	bloc
36094	dont
36098	cons
36110	dont
36113	lib
36123	cons
36146	bloc
36157	lib
36166	cons
36169	ndp
36173	cons
36176	lib
36191	ndp
36192	ndp
36203	lib
36204	ndp
36207	lib
36222	dont
36225	lib
36233	bloc
36239	ndp
36275	bloc
36277	cons
36280	cons
36285	lib
36288	lib
36296	lib
36301	dont
36305	cons
36325	cons
36331	cons
36335	lib
36352	dont
36377	dont
36382	cons
36390	cons
36397	dont
36408	cons
36416	dont
36434	lib
36437	lib
36451	ndp
36472	dont
36476	lib
36486	ndp
36501	ndp
36506	green
36507	lib
36532	ndp
36553	ndp
36569	cons
36571	ndp
36573	lib
36582	cons
36583	dont
36601	lib
36602	lib
36606	cons
36608	lib
36612	cons
36613	dont
36632	cons
36656	green
36664	lib
36665	dont
36667	cons
36680	green
36704	lib
36713	ndp
36715	dont
36726	dont
36734	lib
36753	cons
36766	lib
36801	green
36809	ndp
36823	cons
36838	lib
36845	ndp
36856	dont
36857	lib
36875	bloc
36880	cons
36909	lib
36917	cons
36920	cons
36946	cons
36960	lib
36982	cons
36983	ndp
36989	bloc
37022	lib
37036	cons
37042	cons
37079	lib
37081	dont
37087	bloc
37091	cons
37116	cons
37122	cons
37130	lib
37151	lib
37157	cons
37158	green
37169	cons
37172	bloc
37186	cons
37190	cons
37196	lib
37198	lib
37211	cons
37212	ndp
37234	cons
37242	cons
37247	bloc
37248	dont
37253	lib
37260	green
37274	cons
37279	dont
37293	lib
37307	lib
37320	lib
37329	lib
37340	ndp
37347	lib
37379	bloc
37382	cons
37383	bloc
37389	cons
37429	dont
37431	lib
37441	dont
37447	ndp
37454	cons
37464	cons
37465	bloc
37491	dont
37497	ndp
37500	ndp
37506	lib
37512	cons
37538	lib
37577	ndp
37591	cons
37594	ndp
37595	cons
37603	dont
37604	dont
37606	ndp
37662	lib
37667	bloc
37674	dont
37676	lib
37679	cons
37682	cons
37687	lib
37691	bloc
37696	cons
37708	lib
37712	cons
37715	ndp
37716	bloc
37773	cons
37786	ndp
37791	cons
37793	cons
37797	lib
37819	ndp
